<?xml version="1.0" encoding="UTF-8"?>
<metadata xml:lang="es"><Esri><CreaDate>20181108</CreaDate><CreaTime>10450600</CreaTime><ArcGISFormat>1.0</ArcGISFormat><SyncOnce>TRUE</SyncOnce><DataProperties><lineage><Process ToolSource="c:\program files (x86)\arcgis\desktop10.2\ArcToolbox\Toolboxes\Data Management Tools.tbx\CalculateField" Date="20150110" Time="152217">CalculateField Europe nom [NAME] VB #</Process><Process ToolSource="c:\program files (x86)\arcgis\desktop10.2\ArcToolbox\Toolboxes\Data Management Tools.tbx\CalculateField" Date="20150110" Time="152242">CalculateField Europe NAME [nom] VB #</Process></lineage></DataProperties><ArcGISstyle>ISO 19139 Metadata Implementation Specification</ArcGISstyle></Esri></metadata>
